{"LOAN":21600,"MORTDUE":154991.0,"VALUE":101776.0487414501,"YOJ":8.9222681359,"DEROG":2.0,"DELINQ":4.0,"CLAGE":165.60083001,"NINQ":0.0,"CLNO":43.0,"DEBTINC":38.014917273}